{"cameraMode":{"drawMode":0,"name":"Shaded","section":"Shading Mode"},"sceneLighting":true,"audioPlay":false,"sceneViewState":{"showFog":false,"showMaterialUpdate":false,"showSkybox":false,"showFlares":false,"showImageEffects":false,"showParticleSystems":false},"in2DMode":false,"pivot":{"x":-0.9773691296577454,"y":2.0268218517303469,"z":-1.3350439071655274},"rotation":{"x":0.21175222098827363,"y":0.07238773256540299,"z":-0.01576262339949608,"w":0.9745270609855652},"size":1.1695218086242676,"orthographic":false}